{
  "best_val_loss": 0.3768896174121213,
  "total_epochs": 20,
  "test_metrics": {
    "loss": 0.749453774520329,
    "kl_divergence": 0.3373439278242723,
    "top1_accuracy": 0.34838274932614555,
    "top3_accuracy": 0.97911051212938,
    "num_samples": 1484
  },
  "experiment_dir": "experiments/runs/sweep_1768899422/higher_lr",
  "checkpoint_path": "models/checkpoints/graph_transformer_best.pt",
  "plots_dir": "experiments/runs/sweep_1768899422/higher_lr/plots"
}