{
  "best_val_loss": 0.38559301720037087,
  "total_epochs": 20,
  "test_metrics": {
    "loss": 0.7471913762812344,
    "kl_divergence": 0.33655854963228066,
    "top1_accuracy": 0.34838274932614555,
    "top3_accuracy": 0.97911051212938,
    "num_samples": 1484
  },
  "experiment_dir": "experiments/runs/sweep_1768899422/baseline",
  "checkpoint_path": "models/checkpoints/graph_transformer_best.pt",
  "plots_dir": "experiments/runs/sweep_1768899422/baseline/plots"
}