{
  "true_distribution": [
    0.16233955323696136,
    0.11657991260290146,
    0.15124830603599548,
    0.1353108286857605,
    0.03528302535414696,
    0.09760452061891556,
    0.22856004536151886,
    0.07307460904121399
  ],
  "predictions": [
    {
      "epoch": 1,
      "distribution": [
        0.0,
        0.0,
        0.0,
        0.0,
        0.0,
        0.0,
        0.0,
        1.0
      ]
    }
  ]
}