{
  "true_distribution": [
    0.1570712774991989,
    0.09127693623304367,
    0.17124275863170624,
    0.13831818103790283,
    0.07178308814764023,
    0.07917036861181259,
    0.192647784948349,
    0.09848900884389877
  ],
  "predictions": [
    {
      "epoch": 1,
      "distribution": [
        0.0,
        6.938286463491185e-24,
        1.4277456975162036e-27,
        0.0,
        1.0,
        0.0,
        0.0,
        0.0
      ]
    },
    {
      "epoch": 5,
      "distribution": [
        1.0,
        0.0,
        0.0,
        0.0,
        0.0,
        0.0,
        0.0,
        0.0
      ]
    }
  ]
}