{
  "true_distribution": [
    0.1570712774991989,
    0.09127693623304367,
    0.17124275863170624,
    0.13831818103790283,
    0.07178308814764023,
    0.07917036861181259,
    0.192647784948349,
    0.09848900884389877
  ],
  "predictions": [
    {
      "epoch": 1,
      "distribution": [
        0.0,
        2.6270612339081663e-24,
        1.2144909414481048e-27,
        0.0,
        1.0,
        0.0,
        0.0,
        0.0
      ]
    },
    {
      "epoch": 5,
      "distribution": [
        1.0,
        0.0,
        0.0,
        0.0,
        0.0,
        0.0,
        0.0,
        0.0
      ]
    }
  ]
}