{
  "true_distribution": [
    0.1570712774991989,
    0.09127693623304367,
    0.17124275863170624,
    0.13831818103790283,
    0.07178308814764023,
    0.07917036861181259,
    0.192647784948349,
    0.09848900884389877
  ],
  "predictions": [
    {
      "epoch": 1,
      "distribution": [
        0.10464197397232056,
        0.14640739560127258,
        0.1649778038263321,
        0.10775293409824371,
        0.1835373491048813,
        0.06357935816049576,
        0.08531702309846878,
        0.14378619194030762
      ]
    }
  ]
}