{
  "best_val_loss": 0.37574607056456727,
  "total_epochs": 20,
  "test_metrics": {
    "loss": 0.7854867823361708,
    "kl_divergence": 0.35302006660124685,
    "top1_accuracy": 0.34838274932614555,
    "top3_accuracy": 0.97911051212938,
    "num_samples": 1484
  },
  "experiment_dir": "experiments/runs/sweep_1768899422/shallow",
  "checkpoint_path": "models/checkpoints/graph_transformer_best.pt",
  "plots_dir": "experiments/runs/sweep_1768899422/shallow/plots"
}